Category,Subcategory
Arts,Architecture
Arts,Art Instruction
Arts,Art History
Arts,Dance
Arts,Design
Arts,Fashion
Arts,Film
Arts,Graphic Design
Arts,Music
Arts,Music Theory
Arts,Painting
Arts,Photography
Animals,Bears
Animals,Cats
Animals,Kittens
Animals,Dogs
Animals,Puppies
Fiction,Fantasy
Fiction,Historical Fiction
Fiction,Horror
Fiction,Humor
Fiction,Literature
Fiction,Magic
Fiction,Mystery and detective stories
Fiction,Plays
Fiction,Poetry
Fiction,Romance
Fiction,Science Fiction
Fiction,Short Stories
Fiction,Thriller
Fiction,Young Adult
Science & Mathematics,Biology
Science & Mathematics,Chemistry
Science & Mathematics,Mathematics
Science & Mathematics,Physics
Science & Mathematics,Programming
Business & Finance,Management
Business & Finance,Entrepreneurship
Business & Finance,Business Economics
Business & Finance,Business Success
Business & Finance,Finance
Children's,Kids Books
Children's,Stories in Rhyme
Children's,Baby Books
Children's,Bedtime Books
Children's,Picture Books
History,Ancient Civilization
History,Archaeology
History,Anthropology
History,World War II
History,Social Life and Customs
Health & Wellness,Cooking
Health & Wellness,Cookbooks
Health & Wellness,Mental Health
Health & Wellness,Exercise
Health & Wellness,Nutrition
Health & Wellness,Self-help
Biography,Autobiographies
Biography,History
Biography,Politics and Government
Biography,World War II
Biography,Women
Biography,Kings and Rulers
Biography,Composers
Biography,Artists
Social Sciences,Anthropology
Social Sciences,Religion
Social Sciences,Political Science
Social Sciences,Psychology
Textbooks,History
Textbooks,Mathematics
Textbooks,Geography
Textbooks,Psychology
Textbooks,Algebra
Textbooks,Education
Textbooks,Business & Economics
Textbooks,Science
Textbooks,Chemistry
Textbooks,English Language
Textbooks,Physics
Textbooks,Computer Science
